sku_id,sku_name,category,abc_class,on_hand_units,days_of_cover,supplier_lead_time_days,avg_daily_demand,forecast_demand_units,reorder_point_units,safety_stock_units,needs_reorder,urgency,suggested_order_qty,alert_message
SKU0001,Mobiles Item 001,Mobiles & Accessories,A,0,0.0,5,52.63,491.4,375.0,111.8,True,CRITICAL,1446.0,"[CRITICAL] SKU0001 (Mobiles Item 001, Mobiles & Accessories, Class A): 0 units on hand = 0.0 days of cover vs 5-day lead time. Forecasted demand next week: 491 units. Recommend ordering 1446 units now."
SKU0002,Mobiles Item 002,Mobiles & Accessories,A,0,0.0,4,33.32,269.4,201.8,68.5,True,CRITICAL,761.0,"[CRITICAL] SKU0002 (Mobiles Item 002, Mobiles & Accessories, Class A): 0 units on hand = 0.0 days of cover vs 4-day lead time. Forecasted demand next week: 269 units. Recommend ordering 761 units now."
SKU0003,Mobiles Item 003,Mobiles & Accessories,A,1,0.0,5,53.84,493.3,393.0,123.8,True,CRITICAL,1462.0,"[CRITICAL] SKU0003 (Mobiles Item 003, Mobiles & Accessories, Class A): 1 units on hand = 0.0 days of cover vs 5-day lead time. Forecasted demand next week: 493 units. Recommend ordering 1462 units now."
SKU0006,Mobiles Item 006,Mobiles & Accessories,A,18,0.7,7,27.13,225.4,270.2,80.3,True,CRITICAL,738.0,"[CRITICAL] SKU0006 (Mobiles Item 006, Mobiles & Accessories, Class A): 18 units on hand = 0.7 days of cover vs 7-day lead time. Forecasted demand next week: 225 units. Recommend ordering 738 units now."
SKU0007,Mobiles Item 007,Mobiles & Accessories,A,0,0.0,5,49.72,466.3,356.6,108.0,True,CRITICAL,1374.0,"[CRITICAL] SKU0007 (Mobiles Item 007, Mobiles & Accessories, Class A): 0 units on hand = 0.0 days of cover vs 5-day lead time. Forecasted demand next week: 466 units. Recommend ordering 1374 units now."
SKU0008,Mobiles Item 008,Mobiles & Accessories,A,0,0.0,4,44.82,421.2,271.2,91.9,True,CRITICAL,1175.0,"[CRITICAL] SKU0008 (Mobiles Item 008, Mobiles & Accessories, Class A): 0 units on hand = 0.0 days of cover vs 4-day lead time. Forecasted demand next week: 421 units. Recommend ordering 1175 units now."
SKU0009,Mobiles Item 009,Mobiles & Accessories,A,21,1.5,4,13.59,96.4,85.6,31.3,True,CRITICAL,258.0,"[CRITICAL] SKU0009 (Mobiles Item 009, Mobiles & Accessories, Class A): 21 units on hand = 1.5 days of cover vs 4-day lead time. Forecasted demand next week: 96 units. Recommend ordering 258 units now."
SKU0010,Mobiles Item 010,Mobiles & Accessories,A,0,0.0,3,26.71,214.9,127.0,46.9,True,CRITICAL,569.0,"[CRITICAL] SKU0010 (Mobiles Item 010, Mobiles & Accessories, Class A): 0 units on hand = 0.0 days of cover vs 3-day lead time. Forecasted demand next week: 215 units. Recommend ordering 569 units now."
SKU0012,Mobiles Item 012,Mobiles & Accessories,A,28,1.4,5,20.46,172.6,151.0,48.7,True,CRITICAL,489.0,"[CRITICAL] SKU0012 (Mobiles Item 012, Mobiles & Accessories, Class A): 28 units on hand = 1.4 days of cover vs 5-day lead time. Forecasted demand next week: 173 units. Recommend ordering 489 units now."
SKU0013,Mobiles Item 013,Mobiles & Accessories,A,58,3.2,14,18.09,163.7,330.3,77.0,True,CRITICAL,674.0,"[CRITICAL] SKU0013 (Mobiles Item 013, Mobiles & Accessories, Class A): 58 units on hand = 3.2 days of cover vs 14-day lead time. Forecasted demand next week: 164 units. Recommend ordering 674 units now."
SKU0015,Mobiles Item 015,Mobiles & Accessories,A,42,0.9,7,48.62,461.6,477.8,137.4,True,CRITICAL,1480.0,"[CRITICAL] SKU0015 (Mobiles Item 015, Mobiles & Accessories, Class A): 42 units on hand = 0.9 days of cover vs 7-day lead time. Forecasted demand next week: 462 units. Recommend ordering 1480 units now."
SKU0017,Mobiles Item 017,Mobiles & Accessories,A,0,0.0,3,41.23,342.4,198.1,74.4,True,CRITICAL,906.0,"[CRITICAL] SKU0017 (Mobiles Item 017, Mobiles & Accessories, Class A): 0 units on hand = 0.0 days of cover vs 3-day lead time. Forecasted demand next week: 342 units. Recommend ordering 906 units now."
SKU0018,Mobiles Item 018,Mobiles & Accessories,A,0,0.0,4,34.74,318.5,212.0,73.0,True,CRITICAL,892.0,"[CRITICAL] SKU0018 (Mobiles Item 018, Mobiles & Accessories, Class A): 0 units on hand = 0.0 days of cover vs 4-day lead time. Forecasted demand next week: 318 units. Recommend ordering 892 units now."
SKU0019,Mobiles Item 019,Mobiles & Accessories,A,45,3.4,7,13.22,100.9,134.3,41.8,True,CRITICAL,300.0,"[CRITICAL] SKU0019 (Mobiles Item 019, Mobiles & Accessories, Class A): 45 units on hand = 3.4 days of cover vs 7-day lead time. Forecasted demand next week: 101 units. Recommend ordering 300 units now."
SKU0020,Mobiles Item 020,Mobiles & Accessories,A,44,0.9,7,48.81,454.9,476.9,135.3,True,CRITICAL,1456.0,"[CRITICAL] SKU0020 (Mobiles Item 020, Mobiles & Accessories, Class A): 44 units on hand = 0.9 days of cover vs 7-day lead time. Forecasted demand next week: 455 units. Recommend ordering 1456 units now."
SKU0025,Electronics Item 005,Electronics & Appliances,A,19,0.8,14,23.96,207.8,427.1,91.7,True,CRITICAL,904.0,"[CRITICAL] SKU0025 (Electronics Item 005, Electronics & Appliances, Class A): 19 units on hand = 0.8 days of cover vs 14-day lead time. Forecasted demand next week: 208 units. Recommend ordering 904 units now."
SKU0029,Electronics Item 009,Electronics & Appliances,A,0,0.0,10,19.89,176.5,259.6,60.7,True,CRITICAL,666.0,"[CRITICAL] SKU0029 (Electronics Item 009, Electronics & Appliances, Class A): 0 units on hand = 0.0 days of cover vs 10-day lead time. Forecasted demand next week: 176 units. Recommend ordering 666 units now."
SKU0030,Electronics Item 010,Electronics & Appliances,A,0,0.0,4,11.44,88.6,74.6,28.8,True,CRITICAL,257.0,"[CRITICAL] SKU0030 (Electronics Item 010, Electronics & Appliances, Class A): 0 units on hand = 0.0 days of cover vs 4-day lead time. Forecasted demand next week: 89 units. Recommend ordering 257 units now."
SKU0031,Electronics Item 011,Electronics & Appliances,A,0,0.0,10,21.23,177.3,283.3,71.0,True,CRITICAL,679.0,"[CRITICAL] SKU0031 (Electronics Item 011, Electronics & Appliances, Class A): 0 units on hand = 0.0 days of cover vs 10-day lead time. Forecasted demand next week: 177 units. Recommend ordering 679 units now."
SKU0032,Electronics Item 012,Electronics & Appliances,A,9,1.5,5,6.1,51.9,48.7,18.2,True,CRITICAL,150.0,"[CRITICAL] SKU0032 (Electronics Item 012, Electronics & Appliances, Class A): 9 units on hand = 1.5 days of cover vs 5-day lead time. Forecasted demand next week: 52 units. Recommend ordering 150 units now."
SKU0036,Electronics Item 016,Electronics & Appliances,A,0,0.0,4,15.37,133.2,94.3,32.8,True,CRITICAL,375.0,"[CRITICAL] SKU0036 (Electronics Item 016, Electronics & Appliances, Class A): 0 units on hand = 0.0 days of cover vs 4-day lead time. Forecasted demand next week: 133 units. Recommend ordering 375 units now."
SKU0037,Electronics Item 017,Electronics & Appliances,A,0,0.0,10,26.64,215.0,349.6,83.2,True,CRITICAL,820.0,"[CRITICAL] SKU0037 (Electronics Item 017, Electronics & Appliances, Class A): 0 units on hand = 0.0 days of cover vs 10-day lead time. Forecasted demand next week: 215 units. Recommend ordering 820 units now."
SKU0038,Electronics Item 018,Electronics & Appliances,A,0,0.0,10,17.63,150.3,240.7,64.4,True,CRITICAL,580.0,"[CRITICAL] SKU0038 (Electronics Item 018, Electronics & Appliances, Class A): 0 units on hand = 0.0 days of cover vs 10-day lead time. Forecasted demand next week: 150 units. Recommend ordering 580 units now."
SKU0040,Electronics Item 020,Electronics & Appliances,A,9,0.3,10,29.78,246.8,390.8,93.0,True,CRITICAL,930.0,"[CRITICAL] SKU0040 (Electronics Item 020, Electronics & Appliances, Class A): 9 units on hand = 0.3 days of cover vs 10-day lead time. Forecasted demand next week: 247 units. Recommend ordering 930 units now."
SKU0041,Fashion Item 001,Fashion & Apparel,A,0,0.0,5,55.38,498.4,412.4,135.5,True,CRITICAL,1488.0,"[CRITICAL] SKU0041 (Fashion Item 001, Fashion & Apparel, Class A): 0 units on hand = 0.0 days of cover vs 5-day lead time. Forecasted demand next week: 498 units. Recommend ordering 1488 units now."
SKU0043,Fashion Item 003,Fashion & Apparel,A,57,0.6,7,87.76,605.1,835.6,221.3,True,CRITICAL,1980.0,"[CRITICAL] SKU0043 (Fashion Item 003, Fashion & Apparel, Class A): 57 units on hand = 0.6 days of cover vs 7-day lead time. Forecasted demand next week: 605 units. Recommend ordering 1980 units now."
SKU0045,Fashion Item 005,Fashion & Apparel,A,31,0.4,7,74.36,603.7,709.6,189.1,True,CRITICAL,1969.0,"[CRITICAL] SKU0045 (Fashion Item 005, Fashion & Apparel, Class A): 31 units on hand = 0.4 days of cover vs 7-day lead time. Forecasted demand next week: 604 units. Recommend ordering 1969 units now."
SKU0049,Fashion Item 009,Fashion & Apparel,A,0,0.0,5,80.22,603.1,581.6,180.5,True,CRITICAL,1817.0,"[CRITICAL] SKU0049 (Fashion Item 009, Fashion & Apparel, Class A): 0 units on hand = 0.0 days of cover vs 5-day lead time. Forecasted demand next week: 603 units. Recommend ordering 1817 units now."
SKU0051,Fashion Item 011,Fashion & Apparel,A,0,0.0,10,91.49,610.1,1195.9,281.0,True,CRITICAL,2373.0,"[CRITICAL] SKU0051 (Fashion Item 011, Fashion & Apparel, Class A): 0 units on hand = 0.0 days of cover vs 10-day lead time. Forecasted demand next week: 610 units. Recommend ordering 2373 units now."
SKU0059,Fashion Item 019,Fashion & Apparel,A,0,0.0,4,53.89,496.1,323.7,108.2,True,CRITICAL,1384.0,"[CRITICAL] SKU0059 (Fashion Item 019, Fashion & Apparel, Class A): 0 units on hand = 0.0 days of cover vs 4-day lead time. Forecasted demand next week: 496 units. Recommend ordering 1384 units now."
SKU0062,Fashion Item 022,Fashion & Apparel,A,0,0.0,3,66.57,597.7,309.8,110.1,True,CRITICAL,1562.0,"[CRITICAL] SKU0062 (Fashion Item 022, Fashion & Apparel, Class A): 0 units on hand = 0.0 days of cover vs 3-day lead time. Forecasted demand next week: 598 units. Recommend ordering 1562 units now."
SKU0063,Fashion Item 023,Fashion & Apparel,A,0,0.0,10,82.64,604.1,1085.2,258.8,True,CRITICAL,2330.0,"[CRITICAL] SKU0063 (Fashion Item 023, Fashion & Apparel, Class A): 0 units on hand = 0.0 days of cover vs 10-day lead time. Forecasted demand next week: 604 units. Recommend ordering 2330 units now."
SKU0066,Fashion Item 026,Fashion & Apparel,A,73,0.8,7,89.69,607.3,866.5,238.6,True,CRITICAL,1987.0,"[CRITICAL] SKU0066 (Fashion Item 026, Fashion & Apparel, Class A): 73 units on hand = 0.8 days of cover vs 7-day lead time. Forecasted demand next week: 607 units. Recommend ordering 1987 units now."
SKU0068,Fashion Item 028,Fashion & Apparel,A,29,0.4,14,80.67,603.8,1439.3,309.9,True,CRITICAL,2696.0,"[CRITICAL] SKU0068 (Fashion Item 028, Fashion & Apparel, Class A): 29 units on hand = 0.4 days of cover vs 14-day lead time. Forecasted demand next week: 604 units. Recommend ordering 2696 units now."
SKU0071,Fashion Item 031,Fashion & Apparel,A,0,0.0,5,63.92,507.3,450.9,131.3,True,CRITICAL,1508.0,"[CRITICAL] SKU0071 (Fashion Item 031, Fashion & Apparel, Class A): 0 units on hand = 0.0 days of cover vs 5-day lead time. Forecasted demand next week: 507 units. Recommend ordering 1508 units now."
SKU0072,Fashion Item 032,Fashion & Apparel,A,0,0.0,10,72.54,598.8,953.1,227.7,True,CRITICAL,2281.0,"[CRITICAL] SKU0072 (Fashion Item 032, Fashion & Apparel, Class A): 0 units on hand = 0.0 days of cover vs 10-day lead time. Forecasted demand next week: 599 units. Recommend ordering 2281 units now."
SKU0076,Home Item 001,Home & Kitchen,A,0,0.0,10,44.48,414.6,580.9,136.1,True,CRITICAL,1558.0,"[CRITICAL] SKU0076 (Home Item 001, Home & Kitchen, Class A): 0 units on hand = 0.0 days of cover vs 10-day lead time. Forecasted demand next week: 415 units. Recommend ordering 1558 units now."
SKU0077,Home Item 002,Home & Kitchen,A,42,0.8,14,52.79,478.1,951.5,212.4,True,CRITICAL,2083.0,"[CRITICAL] SKU0077 (Home Item 002, Home & Kitchen, Class A): 42 units on hand = 0.8 days of cover vs 14-day lead time. Forecasted demand next week: 478 units. Recommend ordering 2083 units now."
SKU0083,Home Item 008,Home & Kitchen,A,0,0.0,3,47.84,365.2,234.0,90.4,True,CRITICAL,977.0,"[CRITICAL] SKU0083 (Home Item 008, Home & Kitchen, Class A): 0 units on hand = 0.0 days of cover vs 3-day lead time. Forecasted demand next week: 365 units. Recommend ordering 977 units now."
SKU0087,Home Item 012,Home & Kitchen,A,0,0.0,3,48.13,457.2,229.8,85.4,True,CRITICAL,1196.0,"[CRITICAL] SKU0087 (Home Item 012, Home & Kitchen, Class A): 0 units on hand = 0.0 days of cover vs 3-day lead time. Forecasted demand next week: 457 units. Recommend ordering 1196 units now."
SKU0089,Home Item 014,Home & Kitchen,A,50,1.2,4,42.99,396.2,250.5,78.5,True,CRITICAL,1047.0,"[CRITICAL] SKU0089 (Home Item 014, Home & Kitchen, Class A): 50 units on hand = 1.2 days of cover vs 4-day lead time. Forecasted demand next week: 396 units. Recommend ordering 1047 units now."
SKU0094,Home Item 019,Home & Kitchen,A,60,1.9,4,31.17,266.5,189.8,65.1,True,CRITICAL,690.0,"[CRITICAL] SKU0094 (Home Item 019, Home & Kitchen, Class A): 60 units on hand = 1.9 days of cover vs 4-day lead time. Forecasted demand next week: 266 units. Recommend ordering 690 units now."
SKU0098,Home Item 023,Home & Kitchen,A,0,0.0,5,47.18,453.0,344.5,108.6,True,CRITICAL,1338.0,"[CRITICAL] SKU0098 (Home Item 023, Home & Kitchen, Class A): 0 units on hand = 0.0 days of cover vs 5-day lead time. Forecasted demand next week: 453 units. Recommend ordering 1338 units now."
SKU0104,Home Item 029,Home & Kitchen,A,27,0.7,7,38.74,391.7,375.0,103.9,True,CRITICAL,1252.0,"[CRITICAL] SKU0104 (Home Item 029, Home & Kitchen, Class A): 27 units on hand = 0.7 days of cover vs 7-day lead time. Forecasted demand next week: 392 units. Recommend ordering 1252 units now."
SKU0105,Home Item 030,Home & Kitchen,A,0,0.0,5,34.69,287.6,255.0,81.5,True,CRITICAL,862.0,"[CRITICAL] SKU0105 (Home Item 030, Home & Kitchen, Class A): 0 units on hand = 0.0 days of cover vs 5-day lead time. Forecasted demand next week: 288 units. Recommend ordering 862 units now."
SKU0128,Beauty Item 023,Beauty & Personal Care,A,0,0.0,3,73.44,600.1,349.4,129.1,True,CRITICAL,1586.0,"[CRITICAL] SKU0128 (Beauty Item 023, Beauty & Personal Care, Class A): 0 units on hand = 0.0 days of cover vs 3-day lead time. Forecasted demand next week: 600 units. Recommend ordering 1586 units now."
SKU0004,Mobiles Item 004,Mobiles & Accessories,B,0,0.0,3,14.69,113.4,67.1,23.0,True,CRITICAL,298.0,"[CRITICAL] SKU0004 (Mobiles Item 004, Mobiles & Accessories, Class B): 0 units on hand = 0.0 days of cover vs 3-day lead time. Forecasted demand next week: 113 units. Recommend ordering 298 units now."
SKU0033,Electronics Item 013,Electronics & Appliances,B,0,0.0,3,9.17,75.6,42.8,15.3,True,CRITICAL,199.0,"[CRITICAL] SKU0033 (Electronics Item 013, Electronics & Appliances, Class B): 0 units on hand = 0.0 days of cover vs 3-day lead time. Forecasted demand next week: 76 units. Recommend ordering 199 units now."
SKU0039,Electronics Item 019,Electronics & Appliances,B,0,0.0,3,15.59,117.1,72.2,25.4,True,CRITICAL,310.0,"[CRITICAL] SKU0039 (Electronics Item 019, Electronics & Appliances, Class B): 0 units on hand = 0.0 days of cover vs 3-day lead time. Forecasted demand next week: 117 units. Recommend ordering 310 units now."
SKU0042,Fashion Item 002,Fashion & Apparel,B,0,0.0,5,25.87,196.7,179.9,50.5,True,CRITICAL,584.0,"[CRITICAL] SKU0042 (Fashion Item 002, Fashion & Apparel, Class B): 0 units on hand = 0.0 days of cover vs 5-day lead time. Forecasted demand next week: 197 units. Recommend ordering 584 units now."
SKU0047,Fashion Item 007,Fashion & Apparel,B,0,0.0,3,40.19,335.1,174.6,54.1,True,CRITICAL,868.0,"[CRITICAL] SKU0047 (Fashion Item 007, Fashion & Apparel, Class B): 0 units on hand = 0.0 days of cover vs 3-day lead time. Forecasted demand next week: 335 units. Recommend ordering 868 units now."
SKU0048,Fashion Item 008,Fashion & Apparel,B,0,0.0,10,57.59,499.4,726.4,150.5,True,CRITICAL,1863.0,"[CRITICAL] SKU0048 (Fashion Item 008, Fashion & Apparel, Class B): 0 units on hand = 0.0 days of cover vs 10-day lead time. Forecasted demand next week: 499 units. Recommend ordering 1863 units now."
SKU0056,Fashion Item 016,Fashion & Apparel,B,30,0.9,7,34.9,315.1,323.6,79.3,True,CRITICAL,995.0,"[CRITICAL] SKU0056 (Fashion Item 016, Fashion & Apparel, Class B): 30 units on hand = 0.9 days of cover vs 7-day lead time. Forecasted demand next week: 315 units. Recommend ordering 995 units now."
SKU0060,Fashion Item 020,Fashion & Apparel,B,0,0.0,5,62.51,596.7,421.6,109.0,True,CRITICAL,1729.0,"[CRITICAL] SKU0060 (Fashion Item 020, Fashion & Apparel, Class B): 0 units on hand = 0.0 days of cover vs 5-day lead time. Forecasted demand next week: 597 units. Recommend ordering 1729 units now."
SKU0061,Fashion Item 021,Fashion & Apparel,B,0,0.0,4,47.24,455.1,264.2,75.2,True,CRITICAL,1245.0,"[CRITICAL] SKU0061 (Fashion Item 021, Fashion & Apparel, Class B): 0 units on hand = 0.0 days of cover vs 4-day lead time. Forecasted demand next week: 455 units. Recommend ordering 1245 units now."
SKU0067,Fashion Item 027,Fashion & Apparel,B,0,0.0,4,31.16,254.6,174.6,50.0,True,CRITICAL,705.0,"[CRITICAL] SKU0067 (Fashion Item 027, Fashion & Apparel, Class B): 0 units on hand = 0.0 days of cover vs 4-day lead time. Forecasted demand next week: 255 units. Recommend ordering 705 units now."
SKU0075,Fashion Item 035,Fashion & Apparel,B,54,0.9,14,63.21,591.4,1089.5,204.5,True,CRITICAL,2516.0,"[CRITICAL] SKU0075 (Fashion Item 035, Fashion & Apparel, Class B): 54 units on hand = 0.9 days of cover vs 14-day lead time. Forecasted demand next week: 591 units. Recommend ordering 2516 units now."
SKU0082,Home Item 007,Home & Kitchen,B,0,0.0,10,18.14,168.1,225.9,44.5,True,CRITICAL,621.0,"[CRITICAL] SKU0082 (Home Item 007, Home & Kitchen, Class B): 0 units on hand = 0.0 days of cover vs 10-day lead time. Forecasted demand next week: 168 units. Recommend ordering 621 units now."
SKU0085,Home Item 010,Home & Kitchen,B,0,0.0,10,25.36,204.0,327.4,73.8,True,CRITICAL,773.0,"[CRITICAL] SKU0085 (Home Item 010, Home & Kitchen, Class B): 0 units on hand = 0.0 days of cover vs 10-day lead time. Forecasted demand next week: 204 units. Recommend ordering 773 units now."
SKU0088,Home Item 013,Home & Kitchen,B,0,0.0,3,20.76,174.7,88.9,26.6,True,CRITICAL,451.0,"[CRITICAL] SKU0088 (Home Item 013, Home & Kitchen, Class B): 0 units on hand = 0.0 days of cover vs 3-day lead time. Forecasted demand next week: 175 units. Recommend ordering 451 units now."
SKU0100,Home Item 025,Home & Kitchen,B,0,0.0,3,27.21,225.1,120.4,38.8,True,CRITICAL,585.0,"[CRITICAL] SKU0100 (Home Item 025, Home & Kitchen, Class B): 0 units on hand = 0.0 days of cover vs 3-day lead time. Forecasted demand next week: 225 units. Recommend ordering 585 units now."
SKU0103,Home Item 028,Home & Kitchen,B,0,0.0,10,13.04,100.9,164.9,34.5,True,CRITICAL,380.0,"[CRITICAL] SKU0103 (Home Item 028, Home & Kitchen, Class B): 0 units on hand = 0.0 days of cover vs 10-day lead time. Forecasted demand next week: 101 units. Recommend ordering 380 units now."
SKU0106,Beauty Item 001,Beauty & Personal Care,B,0,0.0,4,40.51,337.2,227.6,65.6,True,CRITICAL,933.0,"[CRITICAL] SKU0106 (Beauty Item 001, Beauty & Personal Care, Class B): 0 units on hand = 0.0 days of cover vs 4-day lead time. Forecasted demand next week: 337 units. Recommend ordering 933 units now."
SKU0107,Beauty Item 002,Beauty & Personal Care,B,0,0.0,4,68.93,601.7,388.3,112.6,True,CRITICAL,1660.0,"[CRITICAL] SKU0107 (Beauty Item 002, Beauty & Personal Care, Class B): 0 units on hand = 0.0 days of cover vs 4-day lead time. Forecasted demand next week: 602 units. Recommend ordering 1660 units now."
SKU0109,Beauty Item 004,Beauty & Personal Care,B,58,1.0,7,59.59,506.7,549.5,132.4,True,CRITICAL,1594.0,"[CRITICAL] SKU0109 (Beauty Item 004, Beauty & Personal Care, Class B): 58 units on hand = 1.0 days of cover vs 7-day lead time. Forecasted demand next week: 507 units. Recommend ordering 1594 units now."
SKU0110,Beauty Item 005,Beauty & Personal Care,B,18,0.7,7,26.9,225.8,248.6,60.3,True,CRITICAL,720.0,"[CRITICAL] SKU0110 (Beauty Item 005, Beauty & Personal Care, Class B): 18 units on hand = 0.7 days of cover vs 7-day lead time. Forecasted demand next week: 226 units. Recommend ordering 720 units now."
SKU0111,Beauty Item 006,Beauty & Personal Care,B,0,0.0,3,38.98,340.7,168.3,51.3,True,CRITICAL,879.0,"[CRITICAL] SKU0111 (Beauty Item 006, Beauty & Personal Care, Class B): 0 units on hand = 0.0 days of cover vs 3-day lead time. Forecasted demand next week: 341 units. Recommend ordering 879 units now."
SKU0112,Beauty Item 007,Beauty & Personal Care,B,0,0.0,4,27.21,231.7,155.3,46.4,True,CRITICAL,642.0,"[CRITICAL] SKU0112 (Beauty Item 007, Beauty & Personal Care, Class B): 0 units on hand = 0.0 days of cover vs 4-day lead time. Forecasted demand next week: 232 units. Recommend ordering 642 units now."
SKU0118,Beauty Item 013,Beauty & Personal Care,B,0,0.0,3,61.43,504.3,269.5,85.2,True,CRITICAL,1310.0,"[CRITICAL] SKU0118 (Beauty Item 013, Beauty & Personal Care, Class B): 0 units on hand = 0.0 days of cover vs 3-day lead time. Forecasted demand next week: 504 units. Recommend ordering 1310 units now."
SKU0119,Beauty Item 014,Beauty & Personal Care,B,0,0.0,4,40.84,395.1,230.4,67.1,True,CRITICAL,1083.0,"[CRITICAL] SKU0119 (Beauty Item 014, Beauty & Personal Care, Class B): 0 units on hand = 0.0 days of cover vs 4-day lead time. Forecasted demand next week: 395 units. Recommend ordering 1083 units now."
SKU0120,Beauty Item 015,Beauty & Personal Care,B,0,0.0,3,47.6,453.7,208.9,66.1,True,CRITICAL,1168.0,"[CRITICAL] SKU0120 (Beauty Item 015, Beauty & Personal Care, Class B): 0 units on hand = 0.0 days of cover vs 3-day lead time. Forecasted demand next week: 454 units. Recommend ordering 1168 units now."
SKU0121,Beauty Item 016,Beauty & Personal Care,B,0,0.0,4,47.53,456.0,266.3,76.2,True,CRITICAL,1249.0,"[CRITICAL] SKU0121 (Beauty Item 016, Beauty & Personal Care, Class B): 0 units on hand = 0.0 days of cover vs 4-day lead time. Forecasted demand next week: 456 units. Recommend ordering 1249 units now."
SKU0124,Beauty Item 019,Beauty & Personal Care,B,58,0.8,7,76.03,603.8,695.6,163.4,True,CRITICAL,1917.0,"[CRITICAL] SKU0124 (Beauty Item 019, Beauty & Personal Care, Class B): 58 units on hand = 0.8 days of cover vs 7-day lead time. Forecasted demand next week: 604 units. Recommend ordering 1917 units now."
SKU0134,Grocery Item 004,Grocery & Essentials,B,97,1.1,7,88.36,600.7,799.3,180.7,True,CRITICAL,1886.0,"[CRITICAL] SKU0134 (Grocery Item 004, Grocery & Essentials, Class B): 97 units on hand = 1.1 days of cover vs 7-day lead time. Forecasted demand next week: 601 units. Recommend ordering 1886 units now."
SKU0136,Grocery Item 006,Grocery & Essentials,B,0,0.0,4,65.47,504.6,372.0,110.2,True,CRITICAL,1408.0,"[CRITICAL] SKU0136 (Grocery Item 006, Grocery & Essentials, Class B): 0 units on hand = 0.0 days of cover vs 4-day lead time. Forecasted demand next week: 505 units. Recommend ordering 1408 units now."
SKU0137,Grocery Item 007,Grocery & Essentials,B,17,0.1,14,121.74,903.1,2078.7,374.4,True,CRITICAL,3970.0,"[CRITICAL] SKU0137 (Grocery Item 007, Grocery & Essentials, Class B): 17 units on hand = 0.1 days of cover vs 14-day lead time. Forecasted demand next week: 903 units. Recommend ordering 3970 units now."
SKU0141,Grocery Item 011,Grocery & Essentials,B,140,1.1,14,129.57,906.6,2195.7,381.7,True,CRITICAL,3868.0,"[CRITICAL] SKU0141 (Grocery Item 011, Grocery & Essentials, Class B): 140 units on hand = 1.1 days of cover vs 14-day lead time. Forecasted demand next week: 907 units. Recommend ordering 3868 units now."
SKU0143,Grocery Item 013,Grocery & Essentials,B,0,0.0,14,139.01,908.1,2356.0,409.8,True,CRITICAL,4042.0,"[CRITICAL] SKU0143 (Grocery Item 013, Grocery & Essentials, Class B): 0 units on hand = 0.0 days of cover vs 14-day lead time. Forecasted demand next week: 908 units. Recommend ordering 4042 units now."
SKU0145,Grocery Item 015,Grocery & Essentials,B,104,1.6,7,64.46,591.1,582.5,131.3,True,CRITICAL,1801.0,"[CRITICAL] SKU0145 (Grocery Item 015, Grocery & Essentials, Class B): 104 units on hand = 1.6 days of cover vs 7-day lead time. Forecasted demand next week: 591 units. Recommend ordering 1801 units now."
SKU0147,Grocery Item 017,Grocery & Essentials,B,55,0.5,7,100.23,607.6,917.0,215.4,True,CRITICAL,1983.0,"[CRITICAL] SKU0147 (Grocery Item 017, Grocery & Essentials, Class B): 55 units on hand = 0.5 days of cover vs 7-day lead time. Forecasted demand next week: 608 units. Recommend ordering 1983 units now."
SKU0016,Mobiles Item 016,Mobiles & Accessories,C,0,0.0,4,13.93,108.7,75.5,19.8,True,CRITICAL,299.0,"[CRITICAL] SKU0016 (Mobiles Item 016, Mobiles & Accessories, Class C): 0 units on hand = 0.0 days of cover vs 4-day lead time. Forecasted demand next week: 109 units. Recommend ordering 299 units now."
SKU0034,Electronics Item 014,Electronics & Appliances,C,8,1.4,5,5.53,47.9,36.6,9.0,True,CRITICAL,131.0,"[CRITICAL] SKU0034 (Electronics Item 014, Electronics & Appliances, Class C): 8 units on hand = 1.4 days of cover vs 5-day lead time. Forecasted demand next week: 48 units. Recommend ordering 131 units now."
SKU0044,Fashion Item 004,Fashion & Apparel,C,0,0.0,5,22.93,191.6,149.8,35.2,True,CRITICAL,555.0,"[CRITICAL] SKU0044 (Fashion Item 004, Fashion & Apparel, Class C): 0 units on hand = 0.0 days of cover vs 5-day lead time. Forecasted demand next week: 192 units. Recommend ordering 555 units now."
SKU0046,Fashion Item 006,Fashion & Apparel,C,0,0.0,4,65.66,596.6,348.8,86.1,True,CRITICAL,1620.0,"[CRITICAL] SKU0046 (Fashion Item 006, Fashion & Apparel, Class C): 0 units on hand = 0.0 days of cover vs 4-day lead time. Forecasted demand next week: 597 units. Recommend ordering 1620 units now."
SKU0050,Fashion Item 010,Fashion & Apparel,C,0,0.0,3,79.48,603.1,321.3,82.8,True,CRITICAL,1547.0,"[CRITICAL] SKU0050 (Fashion Item 010, Fashion & Apparel, Class C): 0 units on hand = 0.0 days of cover vs 3-day lead time. Forecasted demand next week: 603 units. Recommend ordering 1547 units now."
SKU0055,Fashion Item 015,Fashion & Apparel,C,0,0.0,4,24.37,203.4,130.5,33.0,True,CRITICAL,556.0,"[CRITICAL] SKU0055 (Fashion Item 015, Fashion & Apparel, Class C): 0 units on hand = 0.0 days of cover vs 4-day lead time. Forecasted demand next week: 203 units. Recommend ordering 556 units now."
SKU0065,Fashion Item 025,Fashion & Apparel,C,10,0.6,7,15.86,118.5,140.9,29.9,True,CRITICAL,375.0,"[CRITICAL] SKU0065 (Fashion Item 025, Fashion & Apparel, Class C): 10 units on hand = 0.6 days of cover vs 7-day lead time. Forecasted demand next week: 118 units. Recommend ordering 375 units now."
SKU0069,Fashion Item 029,Fashion & Apparel,C,0,0.0,4,48.3,447.6,255.0,61.8,True,CRITICAL,1213.0,"[CRITICAL] SKU0069 (Fashion Item 029, Fashion & Apparel, Class C): 0 units on hand = 0.0 days of cover vs 4-day lead time. Forecasted demand next week: 448 units. Recommend ordering 1213 units now."
SKU0070,Fashion Item 030,Fashion & Apparel,C,0,0.0,4,36.34,333.0,193.3,47.9,True,CRITICAL,904.0,"[CRITICAL] SKU0070 (Fashion Item 030, Fashion & Apparel, Class C): 0 units on hand = 0.0 days of cover vs 4-day lead time. Forecasted demand next week: 333 units. Recommend ordering 904 units now."
SKU0074,Fashion Item 034,Fashion & Apparel,C,0,0.0,10,16.94,135.5,206.2,36.8,True,CRITICAL,501.0,"[CRITICAL] SKU0074 (Fashion Item 034, Fashion & Apparel, Class C): 0 units on hand = 0.0 days of cover vs 10-day lead time. Forecasted demand next week: 136 units. Recommend ordering 501 units now."
SKU0079,Home Item 004,Home & Kitchen,C,11,1.0,5,11.36,93.6,75.3,18.5,True,CRITICAL,262.0,"[CRITICAL] SKU0079 (Home Item 004, Home & Kitchen, Class C): 11 units on hand = 1.0 days of cover vs 5-day lead time. Forecasted demand next week: 94 units. Recommend ordering 262 units now."
SKU0080,Home Item 005,Home & Kitchen,C,42,1.1,7,37.84,336.2,328.2,63.4,True,CRITICAL,1030.0,"[CRITICAL] SKU0080 (Home Item 005, Home & Kitchen, Class C): 42 units on hand = 1.1 days of cover vs 7-day lead time. Forecasted demand next week: 336 units. Recommend ordering 1030 units now."
SKU0086,Home Item 011,Home & Kitchen,C,0,0.0,5,28.54,366.1,186.1,43.4,True,CRITICAL,1037.0,"[CRITICAL] SKU0086 (Home Item 011, Home & Kitchen, Class C): 0 units on hand = 0.0 days of cover vs 5-day lead time. Forecasted demand next week: 366 units. Recommend ordering 1037 units now."
SKU0091,Home Item 016,Home & Kitchen,C,18,2.0,14,9.07,71.0,152.9,26.0,True,CRITICAL,292.0,"[CRITICAL] SKU0091 (Home Item 016, Home & Kitchen, Class C): 18 units on hand = 2.0 days of cover vs 14-day lead time. Forecasted demand next week: 71 units. Recommend ordering 292 units now."
SKU0092,Home Item 017,Home & Kitchen,C,0,0.0,3,31.03,247.7,130.8,37.8,True,CRITICAL,639.0,"[CRITICAL] SKU0092 (Home Item 017, Home & Kitchen, Class C): 0 units on hand = 0.0 days of cover vs 3-day lead time. Forecasted demand next week: 248 units. Recommend ordering 639 units now."
SKU0093,Home Item 018,Home & Kitchen,C,0,0.0,3,16.8,136.0,71.9,21.5,True,CRITICAL,352.0,"[CRITICAL] SKU0093 (Home Item 018, Home & Kitchen, Class C): 0 units on hand = 0.0 days of cover vs 3-day lead time. Forecasted demand next week: 136 units. Recommend ordering 352 units now."
SKU0096,Home Item 021,Home & Kitchen,C,0,0.0,3,39.79,391.1,165.7,46.3,True,CRITICAL,996.0,"[CRITICAL] SKU0096 (Home Item 021, Home & Kitchen, Class C): 0 units on hand = 0.0 days of cover vs 3-day lead time. Forecasted demand next week: 391 units. Recommend ordering 996 units now."
SKU0099,Home Item 024,Home & Kitchen,C,26,0.9,5,28.13,234.8,179.4,38.8,True,CRITICAL,650.0,"[CRITICAL] SKU0099 (Home Item 024, Home & Kitchen, Class C): 26 units on hand = 0.9 days of cover vs 5-day lead time. Forecasted demand next week: 235 units. Recommend ordering 650 units now."
SKU0101,Home Item 026,Home & Kitchen,C,20,0.5,7,40.53,394.6,354.9,71.2,True,CRITICAL,1235.0,"[CRITICAL] SKU0101 (Home Item 026, Home & Kitchen, Class C): 20 units on hand = 0.5 days of cover vs 7-day lead time. Forecasted demand next week: 395 units. Recommend ordering 1235 units now."
SKU0102,Home Item 027,Home & Kitchen,C,0,0.0,3,40.69,339.2,165.3,43.3,True,CRITICAL,867.0,"[CRITICAL] SKU0102 (Home Item 027, Home & Kitchen, Class C): 0 units on hand = 0.0 days of cover vs 3-day lead time. Forecasted demand next week: 339 units. Recommend ordering 867 units now."
SKU0108,Beauty Item 003,Beauty & Personal Care,C,0,0.0,3,72.62,600.0,297.7,79.8,True,CRITICAL,1537.0,"[CRITICAL] SKU0108 (Beauty Item 003, Beauty & Personal Care, Class C): 0 units on hand = 0.0 days of cover vs 3-day lead time. Forecasted demand next week: 600 units. Recommend ordering 1537 units now."
SKU0116,Beauty Item 011,Beauty & Personal Care,C,0,0.0,5,33.4,271.2,216.5,49.5,True,CRITICAL,786.0,"[CRITICAL] SKU0116 (Beauty Item 011, Beauty & Personal Care, Class C): 0 units on hand = 0.0 days of cover vs 5-day lead time. Forecasted demand next week: 271 units. Recommend ordering 786 units now."
SKU0117,Beauty Item 012,Beauty & Personal Care,C,0,0.0,3,30.06,249.2,124.5,34.3,True,CRITICAL,640.0,"[CRITICAL] SKU0117 (Beauty Item 012, Beauty & Personal Care, Class C): 0 units on hand = 0.0 days of cover vs 3-day lead time. Forecasted demand next week: 249 units. Recommend ordering 640 units now."
SKU0122,Beauty Item 017,Beauty & Personal Care,C,24,0.5,14,44.1,415.0,727.6,110.2,True,CRITICAL,1746.0,"[CRITICAL] SKU0122 (Beauty Item 017, Beauty & Personal Care, Class C): 24 units on hand = 0.5 days of cover vs 14-day lead time. Forecasted demand next week: 415 units. Recommend ordering 1746 units now."
SKU0123,Beauty Item 018,Beauty & Personal Care,C,0,0.0,10,23.03,193.1,271.9,41.6,True,CRITICAL,704.0,"[CRITICAL] SKU0123 (Beauty Item 018, Beauty & Personal Care, Class C): 0 units on hand = 0.0 days of cover vs 10-day lead time. Forecasted demand next week: 193 units. Recommend ordering 704 units now."
SKU0125,Beauty Item 020,Beauty & Personal Care,C,39,1.1,7,35.89,335.5,311.1,59.9,True,CRITICAL,1027.0,"[CRITICAL] SKU0125 (Beauty Item 020, Beauty & Personal Care, Class C): 39 units on hand = 1.1 days of cover vs 7-day lead time. Forecasted demand next week: 336 units. Recommend ordering 1027 units now."
SKU0127,Beauty Item 022,Beauty & Personal Care,C,0,0.0,10,38.29,337.0,460.2,77.3,True,CRITICAL,1233.0,"[CRITICAL] SKU0127 (Beauty Item 022, Beauty & Personal Care, Class C): 0 units on hand = 0.0 days of cover vs 10-day lead time. Forecasted demand next week: 337 units. Recommend ordering 1233 units now."
SKU0129,Beauty Item 024,Beauty & Personal Care,C,117,1.7,7,69.5,599.6,600.5,114.0,True,CRITICAL,1796.0,"[CRITICAL] SKU0129 (Beauty Item 024, Beauty & Personal Care, Class C): 117 units on hand = 1.7 days of cover vs 7-day lead time. Forecasted demand next week: 600 units. Recommend ordering 1796 units now."
SKU0130,Beauty Item 025,Beauty & Personal Care,C,0,0.0,5,40.08,393.0,261.9,61.5,True,CRITICAL,1128.0,"[CRITICAL] SKU0130 (Beauty Item 025, Beauty & Personal Care, Class C): 0 units on hand = 0.0 days of cover vs 5-day lead time. Forecasted demand next week: 393 units. Recommend ordering 1128 units now."
SKU0131,Grocery Item 001,Grocery & Essentials,C,0,0.0,4,75.18,598.9,397.3,96.6,True,CRITICAL,1637.0,"[CRITICAL] SKU0131 (Grocery Item 001, Grocery & Essentials, Class C): 0 units on hand = 0.0 days of cover vs 4-day lead time. Forecasted demand next week: 599 units. Recommend ordering 1637 units now."
SKU0132,Grocery Item 002,Grocery & Essentials,C,12,0.4,3,33.3,299.9,139.0,39.1,True,CRITICAL,755.0,"[CRITICAL] SKU0132 (Grocery Item 002, Grocery & Essentials, Class C): 12 units on hand = 0.4 days of cover vs 3-day lead time. Forecasted demand next week: 300 units. Recommend ordering 755 units now."
SKU0133,Grocery Item 003,Grocery & Essentials,C,0,0.0,3,44.31,406.8,181.5,48.6,True,CRITICAL,1037.0,"[CRITICAL] SKU0133 (Grocery Item 003, Grocery & Essentials, Class C): 0 units on hand = 0.0 days of cover vs 3-day lead time. Forecasted demand next week: 407 units. Recommend ordering 1037 units now."
SKU0138,Grocery Item 008,Grocery & Essentials,C,0,0.0,3,100.5,608.4,408.2,106.7,True,CRITICAL,1584.0,"[CRITICAL] SKU0138 (Grocery Item 008, Grocery & Essentials, Class C): 0 units on hand = 0.0 days of cover vs 3-day lead time. Forecasted demand next week: 608 units. Recommend ordering 1584 units now."
SKU0139,Grocery Item 009,Grocery & Essentials,C,0,0.0,3,122.42,882.2,496.6,129.3,True,CRITICAL,2272.0,"[CRITICAL] SKU0139 (Grocery Item 009, Grocery & Essentials, Class C): 0 units on hand = 0.0 days of cover vs 3-day lead time. Forecasted demand next week: 882 units. Recommend ordering 2272 units now."
SKU0149,Grocery Item 019,Grocery & Essentials,C,0,0.0,4,79.86,598.6,419.2,99.7,True,CRITICAL,1639.0,"[CRITICAL] SKU0149 (Grocery Item 019, Grocery & Essentials, Class C): 0 units on hand = 0.0 days of cover vs 4-day lead time. Forecasted demand next week: 599 units. Recommend ordering 1639 units now."
SKU0150,Grocery Item 020,Grocery & Essentials,C,0,0.0,3,49.47,452.5,203.0,54.6,True,CRITICAL,1154.0,"[CRITICAL] SKU0150 (Grocery Item 020, Grocery & Essentials, Class C): 0 units on hand = 0.0 days of cover vs 3-day lead time. Forecasted demand next week: 452 units. Recommend ordering 1154 units now."
SKU0023,Electronics Item 003,Electronics & Appliances,A,48,2.6,3,18.4,158.4,88.6,33.4,True,HIGH,370.0,"[HIGH] SKU0023 (Electronics Item 003, Electronics & Appliances, Class A): 48 units on hand = 2.6 days of cover vs 3-day lead time. Forecasted demand next week: 158 units. Recommend ordering 370 units now."
SKU0035,Electronics Item 015,Electronics & Appliances,A,10,1.9,3,5.17,41.7,27.6,12.1,True,HIGH,103.0,"[HIGH] SKU0035 (Electronics Item 015, Electronics & Appliances, Class A): 10 units on hand = 1.9 days of cover vs 3-day lead time. Forecasted demand next week: 42 units. Recommend ordering 103 units now."
SKU0084,Home Item 009,Home & Kitchen,A,61,2.9,4,20.97,186.4,126.4,42.5,True,HIGH,461.0,"[HIGH] SKU0084 (Home Item 009, Home & Kitchen, Class A): 61 units on hand = 2.9 days of cover vs 4-day lead time. Forecasted demand next week: 186 units. Recommend ordering 461 units now."
SKU0026,Electronics Item 006,Electronics & Appliances,B,31,3.8,4,8.14,55.0,48.1,15.6,True,HIGH,126.0,"[HIGH] SKU0026 (Electronics Item 006, Electronics & Appliances, Class B): 31 units on hand = 3.8 days of cover vs 4-day lead time. Forecasted demand next week: 55 units. Recommend ordering 126 units now."
SKU0021,Electronics Item 001,Electronics & Appliances,C,62,4.3,7,14.43,110.3,126.9,25.9,True,HIGH,295.0,"[HIGH] SKU0021 (Electronics Item 001, Electronics & Appliances, Class C): 62 units on hand = 4.3 days of cover vs 7-day lead time. Forecasted demand next week: 110 units. Recommend ordering 295 units now."
SKU0115,Beauty Item 010,Beauty & Personal Care,C,185,5.5,7,33.44,315.1,291.8,57.7,True,HIGH,818.0,"[HIGH] SKU0115 (Beauty Item 010, Beauty & Personal Care, Class C): 185 units on hand = 5.5 days of cover vs 7-day lead time. Forecasted demand next week: 315 units. Recommend ordering 818 units now."
SKU0090,Home Item 015,Home & Kitchen,B,86,5.1,5,16.71,141.3,117.5,33.9,True,MEDIUM,331.0,"[MEDIUM] SKU0090 (Home Item 015, Home & Kitchen, Class B): 86 units on hand = 5.1 days of cover vs 5-day lead time. Forecasted demand next week: 141 units. Recommend ordering 331 units now."
SKU0005,Mobiles Item 005,Mobiles & Accessories,A,95,4.4,2,21.77,194.7,75.2,31.7,False,OK,382.0,
SKU0011,Mobiles Item 011,Mobiles & Accessories,A,84,4.0,2,20.89,174.8,76.2,34.4,False,OK,350.0,
SKU0014,Mobiles Item 014,Mobiles & Accessories,A,117,4.6,2,25.54,200.1,90.6,39.5,False,OK,380.0,
SKU0022,Electronics Item 002,Electronics & Appliances,A,99,11.9,2,8.32,54.3,30.6,14.0,False,OK,50.0,
SKU0024,Electronics Item 004,Electronics & Appliances,A,158,15.6,2,10.13,76.5,37.3,17.1,False,OK,100.0,
SKU0027,Electronics Item 007,Electronics & Appliances,A,92,11.8,2,7.79,54.2,28.7,13.2,False,OK,50.0,
SKU0028,Electronics Item 008,Electronics & Appliances,A,133,4.6,2,29.18,244.2,101.7,43.4,False,OK,469.0,
SKU0052,Fashion Item 012,Fashion & Apparel,A,299,4.5,2,66.0,501.2,222.9,90.9,False,OK,937.0,
SKU0054,Fashion Item 014,Fashion & Apparel,A,348,4.4,2,79.5,605.2,274.0,115.0,False,OK,1150.0,
SKU0058,Fashion Item 018,Fashion & Apparel,A,271,4.5,2,60.13,571.0,205.1,84.9,False,OK,1119.0,
SKU0126,Beauty Item 021,Beauty & Personal Care,A,238,4.4,2,54.71,561.6,188.0,78.5,False,OK,1124.0,
SKU0053,Fashion Item 013,Fashion & Apparel,B,308,4.6,2,66.68,517.1,212.8,79.4,False,OK,953.0,
SKU0057,Fashion Item 017,Fashion & Apparel,B,131,4.5,2,29.31,236.1,93.6,35.0,False,OK,444.0,
SKU0064,Fashion Item 024,Fashion & Apparel,B,116,4.7,2,24.68,205.2,82.0,32.6,False,OK,386.0,
SKU0073,Fashion Item 033,Fashion & Apparel,B,262,4.9,2,53.91,491.2,170.9,63.1,False,OK,924.0,
SKU0081,Home Item 006,Home & Kitchen,B,213,4.5,2,47.1,427.1,154.4,60.2,False,OK,823.0,
SKU0135,Grocery Item 005,Grocery & Essentials,B,458,4.3,2,105.92,621.8,326.4,114.5,False,OK,1078.0,
SKU0140,Grocery Item 010,Grocery & Essentials,B,532,4.7,2,112.83,637.0,358.1,132.4,False,OK,1056.0,
SKU0148,Grocery Item 018,Grocery & Essentials,B,530,4.5,2,117.58,807.9,365.7,130.5,False,OK,1447.0,
SKU0078,Home Item 003,Home & Kitchen,C,190,20.4,7,9.3,75.0,82.8,17.7,False,OK,100.0,
SKU0095,Home Item 020,Home & Kitchen,C,124,6.6,4,18.82,173.7,98.1,22.9,False,OK,346.0,
SKU0097,Home Item 022,Home & Kitchen,C,69,7.5,2,9.21,74.9,27.3,8.8,False,OK,111.0,
SKU0113,Beauty Item 008,Beauty & Personal Care,C,134,4.4,2,30.46,245.9,85.6,24.7,False,OK,453.0,
SKU0114,Beauty Item 009,Beauty & Personal Care,C,135,4.2,2,31.79,258.5,91.5,28.0,False,OK,484.0,
SKU0142,Grocery Item 012,Grocery & Essentials,C,450,4.4,2,101.16,629.3,290.3,87.9,False,OK,1076.0,
SKU0144,Grocery Item 014,Grocery & Essentials,C,332,4.3,2,77.09,599.0,220.6,66.4,False,OK,1104.0,
SKU0146,Grocery Item 016,Grocery & Essentials,C,393,4.6,2,85.6,602.5,248.6,77.4,False,OK,1062.0,
